student_id,module_id,available,completed,diagnosed,level,mastered
ac4f28ee-486a-4672-ade2-0fb332c10995,0087ed86-bf12-44b9-b9cf-61bc2b3a519c,FALSE,FALSE,TRUE,11,FALSE
ac4f28ee-486a-4672-ade2-0fb332c10995,00935b04-15de-4026-b093-85d59d3415bc,FALSE,FALSE,TRUE,9,FALSE
ac4f28ee-486a-4672-ade2-0fb332c10995,009dec4f-7ac8-4df3-888a-bff43ab6c7e5,TRUE,TRUE,TRUE,4,TRUE
ac4f28ee-486a-4672-ade2-0fb332c10995,00a494de-c4ea-4710-8ad3-45394cc824b1,FALSE,FALSE,TRUE,11,FALSE
ac4f28ee-486a-4672-ade2-0fb332c10995,00cd921e-b4aa-4493-8fb2-00d24ebfbb11,FALSE,FALSE,TRUE,9,FALSE
ac4f28ee-486a-4672-ade2-0fb332c10995,00e6a88e-f481-4984-8edb-a7f6b95e23c0,TRUE,TRUE,TRUE,4,TRUE
ac4f28ee-486a-4672-ade2-0fb332c10995,017be608-1ebf-434f-92b4-01a274b03a45,FALSE,FALSE,TRUE,8,FALSE
ac4f28ee-486a-4672-ade2-0fb332c10995,01841c1e-4108-4f2b-8bc0-9da0a5357fe7,FALSE,FALSE,TRUE,7,FALSE
ac4f28ee-486a-4672-ade2-0fb332c10995,01bb1cc9-281e-41be-80d4-343d96aa9592,TRUE,FALSE,TRUE,4,TRUE
ac4f28ee-486a-4672-ade2-0fb332c10995,01eb7e89-5050-4179-bc4f-7ea4840ee16d,TRUE,FALSE,TRUE,3,TRUE
ac4f28ee-486a-4672-ade2-0fb332c10995,02a1a4d1-8ea3-4415-8e00-7c2d5f49a0ab,TRUE,FALSE,TRUE,5,FALSE
ac4f28ee-486a-4672-ade2-0fb332c10995,02cd7be7-22a9-4ac8-a089-5453c2aab886,FALSE,FALSE,TRUE,8,FALSE
ac4f28ee-486a-4672-ade2-0fb332c10995,03f6ec21-b359-400e-90a4-b72558252682,TRUE,FALSE,TRUE,6,FALSE
ac4f28ee-486a-4672-ade2-0fb332c10995,04e72080-f1f2-4959-a27b-aaf353249608,FALSE,FALSE,TRUE,7,FALSE
ac4f28ee-486a-4672-ade2-0fb332c10995,058ebc35-b8a0-475d-b017-ad898eb165f4,TRUE,FALSE,TRUE,5,TRUE
ac4f28ee-486a-4672-ade2-0fb332c10995,05a75a54-3917-42c1-969a-6616f11b5510,FALSE,FALSE,TRUE,8,FALSE
ac4f28ee-486a-4672-ade2-0fb332c10995,05bd7992-5801-4a23-a1d5-bef5e34809f7,FALSE,FALSE,TRUE,10,FALSE
ac4f28ee-486a-4672-ade2-0fb332c10995,06e72631-fecb-4d3c-b652-8256e483ca61,TRUE,FALSE,TRUE,2,TRUE
ac4f28ee-486a-4672-ade2-0fb332c10995,06f50bb1-1da5-4bda-839d-27396976d96d,TRUE,TRUE,TRUE,5,TRUE
ac4f28ee-486a-4672-ade2-0fb332c10995,07063a56-57c1-4138-92ee-9c4b5515333a,FALSE,FALSE,TRUE,7,FALSE
ac4f28ee-486a-4672-ade2-0fb332c10995,080f09f2-6f58-4d7d-99dd-8117e9b463ff,TRUE,TRUE,TRUE,4,TRUE
ac4f28ee-486a-4672-ade2-0fb332c10995,086f6845-3fa2-4c90-b5cf-3e539b47b2e5,FALSE,FALSE,TRUE,6,FALSE
ac4f28ee-486a-4672-ade2-0fb332c10995,092ed35a-c0f2-4297-a3f9-18ddb7dcf78d,FALSE,FALSE,TRUE,7,FALSE
ac4f28ee-486a-4672-ade2-0fb332c10995,09558cee-8c84-4711-bbfd-9935fdfcbb13,FALSE,FALSE,TRUE,10,FALSE
ac4f28ee-486a-4672-ade2-0fb332c10995,095fbdb4-16aa-49d9-bab1-3e6d7c38c78c,TRUE,FALSE,TRUE,1,TRUE
ac4f28ee-486a-4672-ade2-0fb332c10995,099bf537-e4b3-4927-8c48-9c0dfbf9ae78,TRUE,FALSE,TRUE,5,FALSE
ac4f28ee-486a-4672-ade2-0fb332c10995,09de298e-03a2-4bc6-b678-8de6ee652225,TRUE,TRUE,TRUE,5,TRUE
ac4f28ee-486a-4672-ade2-0fb332c10995,0a10b051-f7b2-4c4b-b285-264bd2d038c2,FALSE,FALSE,TRUE,8,FALSE
ac4f28ee-486a-4672-ade2-0fb332c10995,0a702f32-db53-4009-a182-932e1a0c7337,TRUE,TRUE,TRUE,7,TRUE
ac4f28ee-486a-4672-ade2-0fb332c10995,0ac9b17d-68fc-4fd3-bc44-ccd9d79afd53,TRUE,FALSE,TRUE,1,TRUE
ac4f28ee-486a-4672-ade2-0fb332c10995,0b3d4cb2-4c37-4ee7-9f33-3d553c7c2cda,FALSE,FALSE,TRUE,5,FALSE
ac4f28ee-486a-4672-ade2-0fb332c10995,0bc9fba7-7062-41ce-b53a-a2aa2e022b3b,TRUE,TRUE,TRUE,1,TRUE
ac4f28ee-486a-4672-ade2-0fb332c10995,0c0d4bf9-13a3-48d8-97a6-65dff70d8043,FALSE,FALSE,TRUE,8,FALSE
ac4f28ee-486a-4672-ade2-0fb332c10995,0c89287e-71ad-4cea-b9a0-9e4ee2a89cf8,FALSE,FALSE,TRUE,8,FALSE
ac4f28ee-486a-4672-ade2-0fb332c10995,0c9a9e8b-517b-42b6-b530-0f835753e1f3,TRUE,TRUE,TRUE,5,TRUE
ac4f28ee-486a-4672-ade2-0fb332c10995,0d50aa8c-3d93-482c-a46b-bd64d01eaaec,FALSE,FALSE,TRUE,11,FALSE
ac4f28ee-486a-4672-ade2-0fb332c10995,0de728e2-4c7b-4a4d-a994-93c1011f1bfe,FALSE,FALSE,TRUE,10,FALSE
ac4f28ee-486a-4672-ade2-0fb332c10995,0dfd729d-efee-49fa-9f29-16202b81a6b6,TRUE,FALSE,TRUE,7,FALSE
ac4f28ee-486a-4672-ade2-0fb332c10995,0fdfda89-f7d2-41e4-8c6a-d6fd3c5824f3,FALSE,FALSE,TRUE,8,FALSE
ac4f28ee-486a-4672-ade2-0fb332c10995,12b3485f-3659-484c-928c-f9207cd014ae,FALSE,FALSE,TRUE,7,FALSE
ac4f28ee-486a-4672-ade2-0fb332c10995,139c009a-7154-4474-807d-c5f7e8c53f8d,FALSE,FALSE,TRUE,7,FALSE
ac4f28ee-486a-4672-ade2-0fb332c10995,13d6f005-3a03-4e58-b0f1-87273b963ce9,FALSE,FALSE,TRUE,10,FALSE
ac4f28ee-486a-4672-ade2-0fb332c10995,13e75085-4f74-4f5a-b783-3926b20d46cb,TRUE,FALSE,TRUE,7,FALSE
ac4f28ee-486a-4672-ade2-0fb332c10995,1444fd03-1974-472a-a65a-84619d9bb9c7,FALSE,FALSE,TRUE,8,FALSE
ac4f28ee-486a-4672-ade2-0fb332c10995,147a0df0-57c2-4461-8ef4-5ead6593168d,FALSE,FALSE,TRUE,10,FALSE
ac4f28ee-486a-4672-ade2-0fb332c10995,15af8ef8-81a3-4015-9714-71db70992006,FALSE,FALSE,TRUE,8,FALSE
ac4f28ee-486a-4672-ade2-0fb332c10995,15b792f1-e9bc-432f-b75b-5ab064c8ef52,TRUE,TRUE,TRUE,2,TRUE
ac4f28ee-486a-4672-ade2-0fb332c10995,15fd04be-8008-492c-8a36-326c59358a1d,TRUE,TRUE,TRUE,4,TRUE
ac4f28ee-486a-4672-ade2-0fb332c10995,16272cd5-8ce2-4c76-8dad-4fa4ee5628b1,TRUE,FALSE,TRUE,4,TRUE
ac4f28ee-486a-4672-ade2-0fb332c10995,16842a81-ad19-4751-9bc5-3d62c4c7ab99,FALSE,FALSE,TRUE,10,FALSE
ac4f28ee-486a-4672-ade2-0fb332c10995,17315275-4b23-4188-8fff-c1afdc08cfa6,TRUE,FALSE,TRUE,3,TRUE
ac4f28ee-486a-4672-ade2-0fb332c10995,1774cb19-dd53-4394-8750-cbc23e927c3f,FALSE,FALSE,TRUE,6,FALSE
ac4f28ee-486a-4672-ade2-0fb332c10995,17ef3e32-72fb-43f4-8835-57149f303a37,TRUE,TRUE,TRUE,4,TRUE
ac4f28ee-486a-4672-ade2-0fb332c10995,18c17c49-714f-46fc-9861-b8b83d3a5f35,TRUE,FALSE,TRUE,5,TRUE
ac4f28ee-486a-4672-ade2-0fb332c10995,1930d128-71ac-4a5e-ac75-2429225284a8,TRUE,FALSE,TRUE,3,TRUE
ac4f28ee-486a-4672-ade2-0fb332c10995,19c5f7ea-73e8-40bb-b9ae-b63e58b6ac0b,FALSE,FALSE,TRUE,10,FALSE
ac4f28ee-486a-4672-ade2-0fb332c10995,1b9b9201-79a2-4dba-b3c9-4e4d0fdf0f98,FALSE,FALSE,TRUE,6,FALSE
ac4f28ee-486a-4672-ade2-0fb332c10995,1c223ed6-4e7e-4556-bddd-bf0dc9f9026a,FALSE,FALSE,TRUE,7,FALSE
ac4f28ee-486a-4672-ade2-0fb332c10995,1c4f96e2-a2de-45a5-b25f-7db3e77f2d6e,FALSE,FALSE,TRUE,11,FALSE
ac4f28ee-486a-4672-ade2-0fb332c10995,1c610558-d421-4924-af79-d0d44cad5441,TRUE,FALSE,TRUE,2,TRUE
ac4f28ee-486a-4672-ade2-0fb332c10995,1d233516-474a-4102-8a2e-5441075f5775,TRUE,FALSE,TRUE,3,TRUE
ac4f28ee-486a-4672-ade2-0fb332c10995,1da61d66-4f77-4392-9824-5593e4bc5002,TRUE,TRUE,TRUE,3,TRUE
ac4f28ee-486a-4672-ade2-0fb332c10995,1e6c8941-2876-46d8-9897-3d77f8499511,FALSE,FALSE,TRUE,10,FALSE
ac4f28ee-486a-4672-ade2-0fb332c10995,1e6efc47-eaab-4b09-a53d-2d9f2a166dcb,FALSE,FALSE,TRUE,11,FALSE
ac4f28ee-486a-4672-ade2-0fb332c10995,1e789cc0-a5b7-41e2-b15b-4c49709e24bb,FALSE,FALSE,TRUE,7,FALSE
ac4f28ee-486a-4672-ade2-0fb332c10995,1fa388f5-b0f2-4b38-b60f-7d2fc2ad6003,FALSE,FALSE,TRUE,10,FALSE
ac4f28ee-486a-4672-ade2-0fb332c10995,1fade781-b4bd-4579-9980-288fb955ed4f,TRUE,FALSE,TRUE,6,TRUE
ac4f28ee-486a-4672-ade2-0fb332c10995,201f77eb-4797-4122-9c9c-1ceeae2881ba,FALSE,FALSE,TRUE,3,TRUE
ac4f28ee-486a-4672-ade2-0fb332c10995,22024b4f-3e8b-4106-886d-792885cccad9,FALSE,FALSE,TRUE,9,FALSE
ac4f28ee-486a-4672-ade2-0fb332c10995,220f4e99-3ea1-43e2-84d8-6981fca6090f,FALSE,FALSE,TRUE,8,FALSE
ac4f28ee-486a-4672-ade2-0fb332c10995,22217e04-a221-427d-8cd0-c88690346183,TRUE,FALSE,TRUE,2,TRUE
ac4f28ee-486a-4672-ade2-0fb332c10995,222c5998-6e07-4531-8c2f-6731ef5afbbe,FALSE,FALSE,TRUE,6,FALSE
ac4f28ee-486a-4672-ade2-0fb332c10995,2249cdb6-2d97-40ef-8509-1fab8c4794e8,FALSE,FALSE,TRUE,10,FALSE
ac4f28ee-486a-4672-ade2-0fb332c10995,2329a74d-8a82-462f-aa5f-febdb92ad1eb,FALSE,FALSE,TRUE,11,FALSE
ac4f28ee-486a-4672-ade2-0fb332c10995,23b62d20-4ec8-4368-8e82-d5f58fa27b2f,TRUE,FALSE,TRUE,4,TRUE
ac4f28ee-486a-4672-ade2-0fb332c10995,23c3086d-9432-4565-8bee-6f9b29a00bd2,FALSE,FALSE,TRUE,11,FALSE
ac4f28ee-486a-4672-ade2-0fb332c10995,2436d37f-49ae-4c76-9441-01126d9ff7d3,FALSE,FALSE,TRUE,7,FALSE
ac4f28ee-486a-4672-ade2-0fb332c10995,244c0482-b54f-4962-a148-30c6fa63fe14,FALSE,FALSE,TRUE,7,FALSE
ac4f28ee-486a-4672-ade2-0fb332c10995,2568eabb-258c-48bd-be1b-872842b9b2f1,FALSE,FALSE,TRUE,11,FALSE
ac4f28ee-486a-4672-ade2-0fb332c10995,267231bf-3140-4a35-86bd-edd2eed7b503,FALSE,FALSE,TRUE,11,FALSE
ac4f28ee-486a-4672-ade2-0fb332c10995,2741f495-08e6-4575-9585-6f0d8270a687,FALSE,FALSE,TRUE,9,FALSE
ac4f28ee-486a-4672-ade2-0fb332c10995,276407da-9331-4b23-a2a8-e665cf33d5e6,TRUE,FALSE,TRUE,4,TRUE
ac4f28ee-486a-4672-ade2-0fb332c10995,27846de9-0d04-4e7e-8218-b4911a759444,FALSE,FALSE,TRUE,6,FALSE
ac4f28ee-486a-4672-ade2-0fb332c10995,27b493c4-0869-4616-801a-b89f85e295c3,FALSE,FALSE,TRUE,11,FALSE
ac4f28ee-486a-4672-ade2-0fb332c10995,287ad6eb-ca0d-4636-b2d0-4310e0261262,FALSE,FALSE,TRUE,11,FALSE
ac4f28ee-486a-4672-ade2-0fb332c10995,28c49873-be6d-41d0-b96d-d257775c036e,TRUE,TRUE,TRUE,1,TRUE
ac4f28ee-486a-4672-ade2-0fb332c10995,28e6c3ce-d46a-4a0f-8990-f9544c1c7755,FALSE,FALSE,TRUE,9,FALSE
ac4f28ee-486a-4672-ade2-0fb332c10995,293c30fa-50b7-4e5f-b00c-723c9505c346,TRUE,FALSE,TRUE,1,TRUE
ac4f28ee-486a-4672-ade2-0fb332c10995,2aa9c36a-4230-45a2-abb9-c61d7f3bd9d4,TRUE,TRUE,TRUE,5,TRUE
ac4f28ee-486a-4672-ade2-0fb332c10995,2cafbd03-4757-4d5a-a3d3-7255c6200157,FALSE,FALSE,TRUE,9,FALSE
ac4f28ee-486a-4672-ade2-0fb332c10995,2cfc4a3f-74a3-4c74-a38d-bb524351dc90,FALSE,FALSE,TRUE,11,FALSE
ac4f28ee-486a-4672-ade2-0fb332c10995,2e1404a4-9b72-4133-ac7d-7c29bbf77489,TRUE,FALSE,TRUE,7,TRUE
ac4f28ee-486a-4672-ade2-0fb332c10995,2f284881-b568-4fa7-9d45-7e7d4b0b88b6,FALSE,FALSE,TRUE,10,FALSE
ac4f28ee-486a-4672-ade2-0fb332c10995,2f2e4c7a-318e-48d1-8733-a810dd4962d1,TRUE,TRUE,TRUE,4,TRUE
ac4f28ee-486a-4672-ade2-0fb332c10995,2f467b48-3b1a-4ca9-87ad-d0102066e40f,TRUE,FALSE,TRUE,2,TRUE
ac4f28ee-486a-4672-ade2-0fb332c10995,3040a33f-51c2-42b8-88a7-1a191cf8b211,TRUE,FALSE,TRUE,2,TRUE
ac4f28ee-486a-4672-ade2-0fb332c10995,30f65063-934e-492c-b5d6-817f54ee41bd,FALSE,FALSE,TRUE,5,TRUE
ac4f28ee-486a-4672-ade2-0fb332c10995,31377b6c-86f8-4f8d-bf4b-2d7d783bb3ce,TRUE,FALSE,TRUE,4,TRUE
ac4f28ee-486a-4672-ade2-0fb332c10995,313fe0f0-0eb8-46f8-86dd-c94fe4e64624,FALSE,FALSE,TRUE,6,FALSE
ac4f28ee-486a-4672-ade2-0fb332c10995,31c72ef1-3198-4f46-8eb9-9c7df7ada662,FALSE,FALSE,TRUE,10,TRUE
ac4f28ee-486a-4672-ade2-0fb332c10995,31f4bc01-6bab-466c-95f0-7cdbb34184a7,FALSE,FALSE,TRUE,9,FALSE
ac4f28ee-486a-4672-ade2-0fb332c10995,32634d20-98af-479d-991e-fb066edf69c5,FALSE,FALSE,TRUE,11,FALSE
ac4f28ee-486a-4672-ade2-0fb332c10995,32a191ea-7950-466e-a34c-77a61cc1bccf,TRUE,FALSE,TRUE,5,TRUE
ac4f28ee-486a-4672-ade2-0fb332c10995,32f0cd06-ec46-4339-b2e0-b12dbaaa5ef5,TRUE,FALSE,TRUE,5,FALSE
ac4f28ee-486a-4672-ade2-0fb332c10995,33318a7c-5767-4d4f-b340-4b42cabe9e80,FALSE,FALSE,TRUE,11,FALSE
ac4f28ee-486a-4672-ade2-0fb332c10995,3376ada7-7cef-4965-ae3b-245d8c23fed8,TRUE,FALSE,TRUE,6,TRUE
ac4f28ee-486a-4672-ade2-0fb332c10995,35169ee8-8e02-4566-b80b-33dcf94914a4,FALSE,FALSE,TRUE,11,FALSE
ac4f28ee-486a-4672-ade2-0fb332c10995,355849bf-0be1-47ff-aa26-29eb1afbb389,FALSE,FALSE,TRUE,5,FALSE
ac4f28ee-486a-4672-ade2-0fb332c10995,35971229-70c6-4cc4-bf86-7f598420c063,TRUE,FALSE,TRUE,4,TRUE
ac4f28ee-486a-4672-ade2-0fb332c10995,3680507f-227c-4d09-8a50-91eb767d9485,TRUE,FALSE,TRUE,3,TRUE
ac4f28ee-486a-4672-ade2-0fb332c10995,377cb734-5434-461e-8785-6006764693fd,FALSE,FALSE,TRUE,8,FALSE
ac4f28ee-486a-4672-ade2-0fb332c10995,3795563e-f03f-45be-8f05-abb019d99aa1,TRUE,FALSE,TRUE,6,FALSE
ac4f28ee-486a-4672-ade2-0fb332c10995,38c026d7-cdbb-4938-9a04-9605a2ab8bed,FALSE,FALSE,TRUE,11,FALSE
ac4f28ee-486a-4672-ade2-0fb332c10995,395d7f1b-7839-43a0-b26d-6764c80edf2a,FALSE,FALSE,TRUE,6,FALSE
ac4f28ee-486a-4672-ade2-0fb332c10995,3967ee28-51c8-4c2c-b2bf-f45a804d355c,FALSE,FALSE,TRUE,10,FALSE
ac4f28ee-486a-4672-ade2-0fb332c10995,3a5ae607-6da8-4f17-8bdc-4305eb088d89,FALSE,FALSE,TRUE,8,FALSE
ac4f28ee-486a-4672-ade2-0fb332c10995,3bd7b428-d780-4957-9d05-3aa5bb22e858,TRUE,FALSE,TRUE,3,TRUE
ac4f28ee-486a-4672-ade2-0fb332c10995,3c01267d-5da2-4a45-be2f-a07f587c0d30,FALSE,FALSE,FALSE,6,FALSE
ac4f28ee-486a-4672-ade2-0fb332c10995,3c18fc8b-0eeb-4aaa-bccb-735400886788,TRUE,FALSE,TRUE,5,TRUE
ac4f28ee-486a-4672-ade2-0fb332c10995,3d5f24b2-fe10-4933-8504-bbdfccb769b1,FALSE,FALSE,TRUE,7,FALSE
ac4f28ee-486a-4672-ade2-0fb332c10995,3dea6726-58f2-45bd-8612-01899f5cdaa1,TRUE,TRUE,TRUE,4,TRUE
ac4f28ee-486a-4672-ade2-0fb332c10995,3e31152a-30ed-4773-838b-a0cf40b492f2,FALSE,FALSE,TRUE,7,FALSE
ac4f28ee-486a-4672-ade2-0fb332c10995,3e414b48-940e-4e77-bbdb-830165a80f5e,FALSE,FALSE,TRUE,6,FALSE
ac4f28ee-486a-4672-ade2-0fb332c10995,3eaed899-f65d-48ed-950c-3cc61b5c316a,FALSE,FALSE,TRUE,8,FALSE
ac4f28ee-486a-4672-ade2-0fb332c10995,3f06b61c-6cd1-4008-a18f-dd8993c49749,FALSE,FALSE,TRUE,9,FALSE
ac4f28ee-486a-4672-ade2-0fb332c10995,3f633088-f267-49c5-94dd-af0e41d00aae,FALSE,FALSE,TRUE,9,FALSE
ac4f28ee-486a-4672-ade2-0fb332c10995,3f68419e-7635-4faf-9ad6-630ef80865e0,TRUE,TRUE,TRUE,5,TRUE
ac4f28ee-486a-4672-ade2-0fb332c10995,409b3a2c-14ac-4d34-a40c-bf1f3ee91d2f,FALSE,FALSE,TRUE,7,FALSE
ac4f28ee-486a-4672-ade2-0fb332c10995,4159e84c-c849-4d2e-8794-d53556772e9b,FALSE,FALSE,TRUE,7,FALSE
ac4f28ee-486a-4672-ade2-0fb332c10995,42d46bdd-4a5a-4388-9406-a231fd83e8d8,FALSE,FALSE,TRUE,11,FALSE
ac4f28ee-486a-4672-ade2-0fb332c10995,442fc2ae-6b8b-4b78-ac68-6df4db3f97b3,FALSE,FALSE,TRUE,8,FALSE
ac4f28ee-486a-4672-ade2-0fb332c10995,4441d10e-4f39-41af-ba78-4ec55b7f4e81,FALSE,FALSE,TRUE,7,FALSE
ac4f28ee-486a-4672-ade2-0fb332c10995,448368cd-1595-4f69-8547-06e82db2a42b,FALSE,FALSE,TRUE,6,FALSE
ac4f28ee-486a-4672-ade2-0fb332c10995,464cef2c-ff2c-435b-86b2-c9cb06b9d85c,FALSE,FALSE,TRUE,11,FALSE
ac4f28ee-486a-4672-ade2-0fb332c10995,4673660e-3ead-41b9-ad28-0299e155beaa,FALSE,FALSE,TRUE,7,FALSE
ac4f28ee-486a-4672-ade2-0fb332c10995,47257f1f-561f-4eaf-99ee-0ec9fc71b69c,FALSE,FALSE,TRUE,9,FALSE
ac4f28ee-486a-4672-ade2-0fb332c10995,4726143b-35a7-4e0c-825c-7d4533f0eb8c,FALSE,FALSE,TRUE,8,FALSE
ac4f28ee-486a-4672-ade2-0fb332c10995,4727d417-79d5-4c70-8d8f-832f7a527606,FALSE,FALSE,TRUE,10,FALSE
ac4f28ee-486a-4672-ade2-0fb332c10995,47739955-324f-415b-b355-55ab93a15e62,TRUE,FALSE,TRUE,4,TRUE
ac4f28ee-486a-4672-ade2-0fb332c10995,48037c01-6b91-4468-9e9d-c228d15de392,TRUE,FALSE,TRUE,4,TRUE
ac4f28ee-486a-4672-ade2-0fb332c10995,482e6b58-a8b5-44f1-8d5f-40328abf962d,FALSE,FALSE,FALSE,8,FALSE
ac4f28ee-486a-4672-ade2-0fb332c10995,48acfd64-14fc-4694-adc9-7207d973900b,TRUE,TRUE,TRUE,1,TRUE
ac4f28ee-486a-4672-ade2-0fb332c10995,491e1942-520d-46de-95b9-3efaff3c6395,TRUE,FALSE,TRUE,5,TRUE
ac4f28ee-486a-4672-ade2-0fb332c10995,49865e47-aa80-4ea2-9a1f-5ce807001e5a,TRUE,FALSE,TRUE,1,TRUE
ac4f28ee-486a-4672-ade2-0fb332c10995,4a3e3f6f-7f62-4294-a68f-4fad4b4d2be9,TRUE,FALSE,TRUE,1,TRUE
ac4f28ee-486a-4672-ade2-0fb332c10995,4aba2886-ba97-404d-98e3-29c4bc547107,FALSE,FALSE,TRUE,6,FALSE
ac4f28ee-486a-4672-ade2-0fb332c10995,4ac3a6a2-7430-4d80-b310-ce938406ef73,TRUE,FALSE,TRUE,6,TRUE
ac4f28ee-486a-4672-ade2-0fb332c10995,4ad1baf1-c648-43f6-a508-629fdddd300b,FALSE,FALSE,TRUE,6,FALSE
ac4f28ee-486a-4672-ade2-0fb332c10995,4b5ce954-1a06-4b2f-abcc-37c6d27d3409,TRUE,FALSE,TRUE,1,TRUE
ac4f28ee-486a-4672-ade2-0fb332c10995,4bbde733-df8d-425e-8955-405e4a0c8c3e,TRUE,FALSE,TRUE,4,TRUE
ac4f28ee-486a-4672-ade2-0fb332c10995,4c0da978-f14b-4009-897b-bcfaf2bea94e,TRUE,FALSE,TRUE,3,TRUE
ac4f28ee-486a-4672-ade2-0fb332c10995,4c17fa74-89bb-4c68-a604-f656fa0249f6,TRUE,FALSE,TRUE,3,TRUE
ac4f28ee-486a-4672-ade2-0fb332c10995,4c767509-69a2-4b17-9ddd-e042a236e212,FALSE,FALSE,TRUE,6,FALSE
ac4f28ee-486a-4672-ade2-0fb332c10995,4ce67263-105a-46ba-879e-469a579fec91,FALSE,FALSE,TRUE,10,FALSE
ac4f28ee-486a-4672-ade2-0fb332c10995,4d199b93-08b5-4f96-a62c-450e42e45376,TRUE,FALSE,TRUE,3,TRUE
ac4f28ee-486a-4672-ade2-0fb332c10995,4d2e7822-1d07-43f1-8605-2232504b1f12,TRUE,FALSE,TRUE,4,TRUE
ac4f28ee-486a-4672-ade2-0fb332c10995,4e512394-f276-47d8-b076-c5f7a683eb19,FALSE,FALSE,TRUE,11,FALSE
ac4f28ee-486a-4672-ade2-0fb332c10995,4e53942c-e9f4-460a-ae20-05980f71990b,TRUE,FALSE,TRUE,5,FALSE
ac4f28ee-486a-4672-ade2-0fb332c10995,4ea5e30b-a658-45f6-bae5-b9a9923ef7a8,TRUE,FALSE,TRUE,2,TRUE
ac4f28ee-486a-4672-ade2-0fb332c10995,4eeffc64-5f96-4f04-b3e0-208855289aec,TRUE,FALSE,TRUE,4,TRUE
ac4f28ee-486a-4672-ade2-0fb332c10995,4f7a858b-0d65-438f-8e8b-8be47819c6ff,FALSE,FALSE,TRUE,8,FALSE
ac4f28ee-486a-4672-ade2-0fb332c10995,4fb928b6-5385-4535-bafc-330ab81d72e4,TRUE,TRUE,TRUE,3,TRUE
ac4f28ee-486a-4672-ade2-0fb332c10995,4fc82958-405d-40dc-8ec7-ba6525b4663d,FALSE,FALSE,TRUE,10,FALSE
ac4f28ee-486a-4672-ade2-0fb332c10995,4fe36384-f95b-4daf-8c36-8d4380410f7b,FALSE,FALSE,TRUE,9,FALSE
ac4f28ee-486a-4672-ade2-0fb332c10995,504f6a42-f939-4168-a9a3-f06853a8ce41,FALSE,FALSE,TRUE,6,FALSE
ac4f28ee-486a-4672-ade2-0fb332c10995,5085d483-8646-43e7-9ab6-9f9a7dfe884b,FALSE,FALSE,TRUE,5,FALSE
ac4f28ee-486a-4672-ade2-0fb332c10995,50a9736e-f4b0-4ebf-9a0b-b47aa7fe9c79,TRUE,FALSE,TRUE,3,TRUE
ac4f28ee-486a-4672-ade2-0fb332c10995,50b37d98-a982-4436-b4a4-6151c41a14bd,FALSE,FALSE,TRUE,8,FALSE
ac4f28ee-486a-4672-ade2-0fb332c10995,50bd580d-9e08-48a0-800b-3b06b271c6da,FALSE,FALSE,FALSE,8,FALSE
ac4f28ee-486a-4672-ade2-0fb332c10995,50d1374e-63de-4b6e-a175-3f09264f523b,TRUE,FALSE,TRUE,5,FALSE
ac4f28ee-486a-4672-ade2-0fb332c10995,52f18060-3ba4-44c7-980c-16da8d5bb152,TRUE,FALSE,TRUE,7,FALSE
ac4f28ee-486a-4672-ade2-0fb332c10995,53a95afd-2e52-4b0b-ad32-d2b118ccc9be,TRUE,TRUE,TRUE,4,TRUE
ac4f28ee-486a-4672-ade2-0fb332c10995,542876e6-620b-40bc-9438-e2796f95f6c3,FALSE,FALSE,TRUE,7,FALSE
ac4f28ee-486a-4672-ade2-0fb332c10995,547ca652-2cd3-4295-9021-d642da9f1a77,FALSE,FALSE,TRUE,10,FALSE
ac4f28ee-486a-4672-ade2-0fb332c10995,551feb6e-dc53-4089-aad1-a6db4e2d470c,FALSE,FALSE,TRUE,10,FALSE
ac4f28ee-486a-4672-ade2-0fb332c10995,556ac9f2-4aed-4ed5-b93c-5888f322c729,FALSE,FALSE,TRUE,7,FALSE
ac4f28ee-486a-4672-ade2-0fb332c10995,55f4f8ae-471e-4e04-bda0-26df4f02fe8d,FALSE,FALSE,TRUE,10,FALSE
ac4f28ee-486a-4672-ade2-0fb332c10995,56c40b4d-5c61-4502-ab0c-4e9209558528,FALSE,FALSE,TRUE,11,FALSE
ac4f28ee-486a-4672-ade2-0fb332c10995,571d1100-b33b-40db-aad5-e3bff855d292,FALSE,FALSE,TRUE,8,FALSE
ac4f28ee-486a-4672-ade2-0fb332c10995,5734a75f-9f63-497f-993d-44c28405ca0c,TRUE,FALSE,TRUE,1,TRUE
ac4f28ee-486a-4672-ade2-0fb332c10995,575ea2f9-4aa1-456a-86f8-3eba0cfdb6c5,FALSE,FALSE,TRUE,7,FALSE
ac4f28ee-486a-4672-ade2-0fb332c10995,57df5884-45f0-4ccd-9b3d-4a2c67eaa098,FALSE,FALSE,TRUE,7,FALSE
ac4f28ee-486a-4672-ade2-0fb332c10995,589e5222-b786-4b1e-89fe-b4c786ed526b,TRUE,TRUE,TRUE,5,TRUE
ac4f28ee-486a-4672-ade2-0fb332c10995,58c324cb-1e66-48d8-a83b-a802dfbf4ab3,TRUE,FALSE,TRUE,4,TRUE
ac4f28ee-486a-4672-ade2-0fb332c10995,58f3aaf7-6a71-49bc-8981-072bc5fa2dbf,TRUE,FALSE,TRUE,5,TRUE
ac4f28ee-486a-4672-ade2-0fb332c10995,59c06544-20dc-4293-b549-c249ef67c2eb,FALSE,FALSE,TRUE,8,FALSE
ac4f28ee-486a-4672-ade2-0fb332c10995,59df1b02-a564-4c22-81d0-9e68e9be0715,FALSE,FALSE,TRUE,5,FALSE
ac4f28ee-486a-4672-ade2-0fb332c10995,59ec7d7a-d8db-4231-8625-9c4b2a4c2fa0,TRUE,FALSE,TRUE,5,FALSE
ac4f28ee-486a-4672-ade2-0fb332c10995,59f05ff4-a971-481b-9f14-b5adb72047ef,FALSE,FALSE,TRUE,6,FALSE
ac4f28ee-486a-4672-ade2-0fb332c10995,59f31f80-335c-42d9-ad64-77c51bf6d5be,TRUE,TRUE,TRUE,2,TRUE
ac4f28ee-486a-4672-ade2-0fb332c10995,5b0d758d-b73f-4b3e-95f3-ebff6a8e13a0,TRUE,FALSE,TRUE,5,TRUE
ac4f28ee-486a-4672-ade2-0fb332c10995,5bb2cd2e-2e66-4a7b-88cb-c36fba4f1520,FALSE,FALSE,TRUE,11,FALSE
ac4f28ee-486a-4672-ade2-0fb332c10995,5bf3105e-10f3-4fd2-a658-2dca4d78c586,TRUE,TRUE,TRUE,4,TRUE
ac4f28ee-486a-4672-ade2-0fb332c10995,5c7fcb18-b280-4701-baec-c90e527e3b0c,FALSE,FALSE,TRUE,9,FALSE
ac4f28ee-486a-4672-ade2-0fb332c10995,5cf6441b-3ad7-43c3-844e-ba03ff7c1c9d,TRUE,TRUE,TRUE,5,TRUE
ac4f28ee-486a-4672-ade2-0fb332c10995,5d760248-a967-492b-a688-862cbf226f4d,TRUE,TRUE,TRUE,4,TRUE
ac4f28ee-486a-4672-ade2-0fb332c10995,5de14cf8-ed7a-4baf-aa70-dd0ffa145f83,TRUE,TRUE,TRUE,4,TRUE
ac4f28ee-486a-4672-ade2-0fb332c10995,5e7eb754-f74f-40ae-8b14-68372d4ca309,FALSE,FALSE,TRUE,7,FALSE
ac4f28ee-486a-4672-ade2-0fb332c10995,5ecae9dc-e5e6-4c26-a905-b10afc7221f2,TRUE,FALSE,TRUE,3,TRUE
ac4f28ee-486a-4672-ade2-0fb332c10995,5ed5f12b-7fc0-4971-b9e9-c0ea1ae1c105,TRUE,TRUE,TRUE,2,TRUE
ac4f28ee-486a-4672-ade2-0fb332c10995,5f5d0639-19f7-4c4d-9119-baffcd3cf579,TRUE,TRUE,TRUE,7,TRUE
ac4f28ee-486a-4672-ade2-0fb332c10995,60644535-7ddc-4b15-a3b4-0062b4863230,TRUE,TRUE,TRUE,4,TRUE
ac4f28ee-486a-4672-ade2-0fb332c10995,607b9a8b-e3d9-4fc0-9085-13ba25b3c39d,FALSE,FALSE,TRUE,9,FALSE
ac4f28ee-486a-4672-ade2-0fb332c10995,60de2178-9b77-43f8-afff-04586f06777f,FALSE,FALSE,TRUE,5,TRUE
ac4f28ee-486a-4672-ade2-0fb332c10995,61164e2e-e7e1-4cba-9d34-f4aced2876b4,TRUE,FALSE,TRUE,3,TRUE
ac4f28ee-486a-4672-ade2-0fb332c10995,61237490-e318-439d-8e00-277266be10a4,TRUE,FALSE,TRUE,3,TRUE
ac4f28ee-486a-4672-ade2-0fb332c10995,614f6fe2-2e94-44e9-bf23-b4c84bd2ca96,FALSE,FALSE,TRUE,10,FALSE
ac4f28ee-486a-4672-ade2-0fb332c10995,62781a79-3613-4c6a-a1e2-95007997d14c,TRUE,FALSE,TRUE,3,TRUE
ac4f28ee-486a-4672-ade2-0fb332c10995,62a95741-d8f8-46c6-a6ca-ca6e16d2a402,FALSE,FALSE,TRUE,6,FALSE
ac4f28ee-486a-4672-ade2-0fb332c10995,62d2e112-c72c-4057-a768-9e07c4426276,FALSE,FALSE,TRUE,11,FALSE
ac4f28ee-486a-4672-ade2-0fb332c10995,631b86f2-b01d-4d49-b93c-7c51cdbfd821,FALSE,FALSE,TRUE,8,FALSE
ac4f28ee-486a-4672-ade2-0fb332c10995,636d7bcc-1b70-4ca7-9653-40ff205f24c1,FALSE,FALSE,TRUE,9,FALSE
ac4f28ee-486a-4672-ade2-0fb332c10995,63ab5938-2d84-42f6-b274-e60086de8ac6,FALSE,FALSE,TRUE,10,FALSE
ac4f28ee-486a-4672-ade2-0fb332c10995,64591686-c382-4f05-b7f9-3803180d9701,FALSE,FALSE,TRUE,8,FALSE
ac4f28ee-486a-4672-ade2-0fb332c10995,645f3132-83c4-4138-86ba-4434e1de5790,FALSE,FALSE,TRUE,7,FALSE
ac4f28ee-486a-4672-ade2-0fb332c10995,64754e9e-54ed-4f67-8b22-bd4b90ec3694,FALSE,FALSE,TRUE,11,FALSE
ac4f28ee-486a-4672-ade2-0fb332c10995,64e7de67-17f5-4c06-afca-610936405882,FALSE,FALSE,TRUE,7,FALSE
ac4f28ee-486a-4672-ade2-0fb332c10995,65433eba-5cf6-4f59-9066-5ac99d6a9fac,TRUE,FALSE,TRUE,4,FALSE
ac4f28ee-486a-4672-ade2-0fb332c10995,654eb94a-6c69-4ab2-acc1-44559a3676f3,FALSE,FALSE,FALSE,4,FALSE
ac4f28ee-486a-4672-ade2-0fb332c10995,6570729b-0d4a-4277-a2bf-a25ffd3061ff,TRUE,TRUE,TRUE,3,TRUE
ac4f28ee-486a-4672-ade2-0fb332c10995,66b18ac9-2aad-4ae4-be62-14f7c1d2d380,FALSE,FALSE,TRUE,8,FALSE
ac4f28ee-486a-4672-ade2-0fb332c10995,672461c9-5e04-4463-9261-a930b63af63a,FALSE,FALSE,TRUE,9,FALSE
ac4f28ee-486a-4672-ade2-0fb332c10995,67635e3b-8aee-4cd3-b640-e2574698adf4,TRUE,FALSE,TRUE,4,TRUE
ac4f28ee-486a-4672-ade2-0fb332c10995,67760965-2d5d-4e15-9439-db3b0034f085,FALSE,FALSE,TRUE,9,FALSE
ac4f28ee-486a-4672-ade2-0fb332c10995,67ec6a45-19d6-4ddb-985f-0d4ffdd01c7b,FALSE,FALSE,TRUE,7,FALSE
ac4f28ee-486a-4672-ade2-0fb332c10995,683f95ed-e1b5-4311-a4f1-75d7823dd9d1,FALSE,FALSE,TRUE,4,FALSE
ac4f28ee-486a-4672-ade2-0fb332c10995,684de26c-fae3-43af-bf58-15d3a11cfa90,TRUE,TRUE,TRUE,7,TRUE
ac4f28ee-486a-4672-ade2-0fb332c10995,68543570-45c3-44ed-9f89-5b309a5ddc59,FALSE,FALSE,TRUE,10,FALSE
ac4f28ee-486a-4672-ade2-0fb332c10995,68f8497e-9406-45f7-9381-c80cae1f7b18,TRUE,TRUE,TRUE,5,TRUE
ac4f28ee-486a-4672-ade2-0fb332c10995,693c9770-cfb9-4974-b550-5492ba6f1019,FALSE,FALSE,TRUE,6,FALSE
ac4f28ee-486a-4672-ade2-0fb332c10995,69df4c9a-45ac-426e-9669-97782e8f6e71,FALSE,FALSE,TRUE,7,FALSE
ac4f28ee-486a-4672-ade2-0fb332c10995,6ae3cdbc-34e5-4c0d-8c1f-77dbd11a40da,FALSE,FALSE,TRUE,8,FALSE
ac4f28ee-486a-4672-ade2-0fb332c10995,6b1956eb-c9af-4687-9e68-fac538084f99,FALSE,FALSE,TRUE,10,FALSE
ac4f28ee-486a-4672-ade2-0fb332c10995,6b438c84-04f8-49c5-bc1a-3a966194a4c3,TRUE,FALSE,TRUE,3,TRUE
ac4f28ee-486a-4672-ade2-0fb332c10995,6b82050f-3cfd-4a0a-879f-225781dc1839,FALSE,FALSE,TRUE,9,FALSE
ac4f28ee-486a-4672-ade2-0fb332c10995,6c5491ee-dc4d-4635-b448-bfb59df6b7a4,TRUE,FALSE,TRUE,1,TRUE
ac4f28ee-486a-4672-ade2-0fb332c10995,6d10ba28-836f-4316-94bf-ab45539bf856,TRUE,FALSE,TRUE,1,TRUE
ac4f28ee-486a-4672-ade2-0fb332c10995,6d1e6605-9070-48c9-99fb-626d4ab7f65a,FALSE,FALSE,TRUE,6,FALSE
ac4f28ee-486a-4672-ade2-0fb332c10995,6de29289-698e-4598-886f-1192b2d4b54a,FALSE,FALSE,TRUE,11,FALSE
ac4f28ee-486a-4672-ade2-0fb332c10995,6e07f331-e397-4e9d-a66c-909a4575a64d,TRUE,TRUE,TRUE,3,TRUE
ac4f28ee-486a-4672-ade2-0fb332c10995,6e44f436-db66-4d7a-bd7b-b4983cf822c6,FALSE,FALSE,TRUE,7,FALSE
ac4f28ee-486a-4672-ade2-0fb332c10995,6e71a3e0-f054-4134-b125-0c01f4ffa0c7,FALSE,FALSE,TRUE,11,FALSE
ac4f28ee-486a-4672-ade2-0fb332c10995,6eaccb1e-1e5b-403d-9952-b94862ef02ce,FALSE,FALSE,TRUE,11,FALSE
ac4f28ee-486a-4672-ade2-0fb332c10995,6f084ef6-835a-4aee-be1f-a5a71a6616c3,TRUE,TRUE,TRUE,4,TRUE
ac4f28ee-486a-4672-ade2-0fb332c10995,6f689682-fcb7-4bd3-9586-28f3828ab052,TRUE,FALSE,TRUE,1,TRUE
ac4f28ee-486a-4672-ade2-0fb332c10995,704566a3-f4e4-4bc3-b336-6d65e06c084e,TRUE,FALSE,TRUE,3,TRUE
ac4f28ee-486a-4672-ade2-0fb332c10995,711da4ea-5bbc-4800-a95f-7790cfab7e89,FALSE,FALSE,TRUE,6,FALSE
ac4f28ee-486a-4672-ade2-0fb332c10995,712a6ea7-0e80-4b84-ac49-30bb5f682963,FALSE,FALSE,TRUE,11,FALSE
ac4f28ee-486a-4672-ade2-0fb332c10995,716739fd-186e-4031-bba2-60922dc277c7,FALSE,FALSE,TRUE,7,FALSE
ac4f28ee-486a-4672-ade2-0fb332c10995,71d647a0-e1ab-43e5-a5d9-8c7378536e10,TRUE,TRUE,TRUE,7,TRUE
ac4f28ee-486a-4672-ade2-0fb332c10995,7228b8f2-6388-4592-bbac-185fd00d2518,TRUE,TRUE,TRUE,7,TRUE
ac4f28ee-486a-4672-ade2-0fb332c10995,732243ff-db38-490a-a3f5-0ea84a2359b6,TRUE,FALSE,TRUE,4,TRUE
ac4f28ee-486a-4672-ade2-0fb332c10995,73d62a64-68ce-44ff-8feb-545fcf842e0a,FALSE,FALSE,TRUE,11,FALSE
ac4f28ee-486a-4672-ade2-0fb332c10995,7474feb6-540f-41be-a545-172ab98796f4,FALSE,FALSE,TRUE,7,FALSE
ac4f28ee-486a-4672-ade2-0fb332c10995,76345988-be07-4430-b1d1-6691919868f6,TRUE,FALSE,TRUE,2,TRUE
ac4f28ee-486a-4672-ade2-0fb332c10995,7827704f-92be-457d-a8f5-c5817a5698cf,FALSE,FALSE,TRUE,6,FALSE
ac4f28ee-486a-4672-ade2-0fb332c10995,7947ec2e-ccad-4a40-9f5a-819d1ea88e0f,FALSE,FALSE,TRUE,8,FALSE
ac4f28ee-486a-4672-ade2-0fb332c10995,79e78e54-c3dd-4dc6-aa47-e64bf0f90b87,FALSE,FALSE,TRUE,6,FALSE
ac4f28ee-486a-4672-ade2-0fb332c10995,79fd0ccd-f9e8-49f0-8099-67b67d8b8756,FALSE,FALSE,TRUE,7,FALSE
ac4f28ee-486a-4672-ade2-0fb332c10995,7b68ac8c-4bc9-4db8-9eb1-ae0963be2202,FALSE,FALSE,TRUE,7,FALSE
ac4f28ee-486a-4672-ade2-0fb332c10995,7cb5cd28-0b9b-4caf-a34d-01d58e5277a5,FALSE,FALSE,TRUE,10,FALSE
ac4f28ee-486a-4672-ade2-0fb332c10995,7d24f542-712c-459e-b5dd-a1d55310a1e5,FALSE,FALSE,TRUE,5,FALSE
ac4f28ee-486a-4672-ade2-0fb332c10995,7e57e3ef-52c1-47a4-8eb3-61e0b39c2c99,FALSE,FALSE,TRUE,5,FALSE
ac4f28ee-486a-4672-ade2-0fb332c10995,7ea2e3a1-fffa-4c5f-ba1f-cab703c0f709,FALSE,FALSE,TRUE,7,FALSE
ac4f28ee-486a-4672-ade2-0fb332c10995,7eb63084-fe6d-498a-afab-eda4ca155c3a,FALSE,FALSE,TRUE,10,FALSE
ac4f28ee-486a-4672-ade2-0fb332c10995,7f538c02-c07f-42e8-b3c0-a4b305f94cc7,TRUE,TRUE,TRUE,1,TRUE
ac4f28ee-486a-4672-ade2-0fb332c10995,7fdc3c78-bbae-4b90-8c50-2bd05c874198,FALSE,FALSE,TRUE,11,FALSE
ac4f28ee-486a-4672-ade2-0fb332c10995,7ffd0227-9556-469d-a0a6-f5caf29817f8,TRUE,FALSE,TRUE,4,TRUE
ac4f28ee-486a-4672-ade2-0fb332c10995,80c50340-4dec-4d54-a457-7b66c7c5fa65,FALSE,FALSE,TRUE,7,FALSE
ac4f28ee-486a-4672-ade2-0fb332c10995,82e6c3ce-c1fa-4409-8cc2-36efa7764b3c,FALSE,FALSE,TRUE,6,FALSE
ac4f28ee-486a-4672-ade2-0fb332c10995,835eb61e-2d4b-43ac-ad6a-1f336dcf6406,FALSE,FALSE,TRUE,11,FALSE
ac4f28ee-486a-4672-ade2-0fb332c10995,84159bfd-990c-4193-af38-0d29ebc44cde,FALSE,FALSE,TRUE,7,FALSE
ac4f28ee-486a-4672-ade2-0fb332c10995,84ca2e73-c4a6-460f-83ec-04a6c1858bd8,TRUE,FALSE,TRUE,2,TRUE
ac4f28ee-486a-4672-ade2-0fb332c10995,8513e964-d6ac-40fd-b879-b789f6543006,FALSE,FALSE,TRUE,9,FALSE
ac4f28ee-486a-4672-ade2-0fb332c10995,852ab9b5-abc9-48fc-ae0b-9ae2b943b7d2,TRUE,FALSE,TRUE,5,FALSE
ac4f28ee-486a-4672-ade2-0fb332c10995,856da82a-dba4-4303-9022-5d44dc984162,FALSE,FALSE,TRUE,6,FALSE
ac4f28ee-486a-4672-ade2-0fb332c10995,859a7ca9-16d8-41c0-bd2c-b4c01c8aa4cd,FALSE,FALSE,TRUE,7,FALSE
ac4f28ee-486a-4672-ade2-0fb332c10995,85d98cf7-ffde-48ae-a692-7ac2d351f07f,FALSE,FALSE,TRUE,9,FALSE
ac4f28ee-486a-4672-ade2-0fb332c10995,862d61a0-288f-4146-a63b-dc5ef2f0d86e,FALSE,FALSE,TRUE,8,FALSE
ac4f28ee-486a-4672-ade2-0fb332c10995,86bba796-aef8-4b7d-ad46-9390facfe6f7,FALSE,FALSE,TRUE,7,FALSE
ac4f28ee-486a-4672-ade2-0fb332c10995,86ecbf92-65be-4da0-b78e-393bad553f45,FALSE,FALSE,TRUE,11,FALSE
ac4f28ee-486a-4672-ade2-0fb332c10995,87a7bb40-07e9-458b-8bbd-fc410fa735e7,FALSE,FALSE,TRUE,7,FALSE
ac4f28ee-486a-4672-ade2-0fb332c10995,87cafbcb-174f-46c1-81c8-208b6046bb01,FALSE,FALSE,TRUE,11,FALSE
ac4f28ee-486a-4672-ade2-0fb332c10995,8908d716-5870-4ff1-9d0c-603b554bf8b4,FALSE,FALSE,TRUE,8,FALSE
ac4f28ee-486a-4672-ade2-0fb332c10995,895f4b2f-954b-4c0f-a93a-de1c4639e735,FALSE,FALSE,TRUE,6,FALSE
ac4f28ee-486a-4672-ade2-0fb332c10995,896109a9-763f-420e-bfdc-0cd2056c9304,TRUE,FALSE,TRUE,6,TRUE
ac4f28ee-486a-4672-ade2-0fb332c10995,8a79fbf0-f5ed-4b7d-a1d5-c928cc68094a,FALSE,FALSE,TRUE,10,FALSE
ac4f28ee-486a-4672-ade2-0fb332c10995,8a96d547-f244-42e3-8e20-3335b24708cb,FALSE,FALSE,TRUE,10,FALSE
ac4f28ee-486a-4672-ade2-0fb332c10995,8abd59c8-47ed-4693-9b6c-1e33ee9e32b2,FALSE,FALSE,TRUE,7,FALSE
ac4f28ee-486a-4672-ade2-0fb332c10995,8b749c2a-ca47-49b7-b516-f02794252e63,FALSE,FALSE,TRUE,11,FALSE
ac4f28ee-486a-4672-ade2-0fb332c10995,8c6fffaf-4151-420e-ad29-5bed6f7fe4b3,TRUE,FALSE,TRUE,4,TRUE
ac4f28ee-486a-4672-ade2-0fb332c10995,8d9de071-cda6-44fd-80e6-ae9ba6758116,FALSE,FALSE,TRUE,7,FALSE
ac4f28ee-486a-4672-ade2-0fb332c10995,8e1628cb-030d-4802-9054-eb07ce5542d5,TRUE,TRUE,TRUE,5,TRUE
ac4f28ee-486a-4672-ade2-0fb332c10995,8e878d4a-226a-40ed-bef3-4e1082fee536,TRUE,FALSE,TRUE,3,TRUE
ac4f28ee-486a-4672-ade2-0fb332c10995,8fce61ae-dc44-4866-b3ca-e76606ee4a09,FALSE,FALSE,TRUE,8,FALSE
ac4f28ee-486a-4672-ade2-0fb332c10995,90265b7c-5281-40ab-aeae-7b6cc8c09c2b,TRUE,TRUE,TRUE,1,TRUE
ac4f28ee-486a-4672-ade2-0fb332c10995,9061941e-b3db-4aa2-aec3-79d199aff0eb,TRUE,TRUE,TRUE,5,TRUE
ac4f28ee-486a-4672-ade2-0fb332c10995,909353d9-ad7a-4223-aa3c-d38db4021a50,TRUE,FALSE,TRUE,1,TRUE
ac4f28ee-486a-4672-ade2-0fb332c10995,90b6c067-20e8-4623-b197-7d40decc9838,TRUE,TRUE,TRUE,3,TRUE
ac4f28ee-486a-4672-ade2-0fb332c10995,92cf7f45-3257-4a6d-b611-0a660aef0c9e,FALSE,FALSE,TRUE,11,FALSE